﻿<?xml version="1.0" encoding="utf-8"?>
<errorMessage xmlns:xsi="http://www.w3.org/2001/XMLSchema-instance" xmlns:xsd="http://www.w3.org/2001/XMLSchema">
  <dataOperation name="AccountMigrationUpdate">
    <error matchText="INVALID MIGRATION ATTEMPT FROM A SUBORDI" resourceKey="Resources:InvalidMigrationErrorMsg"></error>
    <error matchText="MIGRATE TO PRODUCT NOT ALLOWED" resourceKey="Resources:MigrationToProductNotAllowedErrorMsg"></error>
    <error matchText="COMMERCIAL CARD ACCOUNTS CANNOT BE TRANS" resourceKey="Resources:MigrationCommercialCannotErrorMsg"></error>
    <error matchText="VALUE ENTERED MUST BE" resourceKey="Resources:AcceptanceMigratedErrorMsg"></error>
    <error matchText="ACCT XFER NOT ALLOWED BY BC72" resourceKey="Resources:AccountStatusMigrationNotAllowedErrorMsg"></error>
    <error matchText="MIGRATE TO BILL CODE NOT ALLOWED" resourceKey="Resources:MigrationBillCodeNotAllowedErrorMsg"></error>
    <error matchText="PRODUCT NOT AVAILABLE FOR TRANSFER" resourceKey="Resources:ProductNotAllowedForTransferErrorMsg"></error>
  </dataOperation>
  <dataOperation name="AccountMigrationActionUpdate">
    <error matchText="ACCEPTANCE MUST BE ON MIGRATED TO MASTER" resourceKey="Resources:AcceptanceMigratedErrorMsg"></error>
    <error matchText="CANCEL MUST BE ON ORIGINATING MASTER" resourceKey="Resources:CancelMigratedErrorMsg"></error>    
  </dataOperation>
  <dataOperation name="CnDApprovalReferenceIdListAdd">
    <error matchText="INSERT_CND_REQUEST_PRC-Approval reference ID already exists." resourceKey="Resources:ReferenceIdAlreadyExists"></error>
  </dataOperation>
</errorMessage> 